{
  "playwright": {
    "wall_time_s": 22.527093,
    "video_duration_s": 22.25,
    "stack_peak_mib": {
      "total": 662.46582,
      "python": 27.681641,
      "driver": 102.326172,
      "chrome": 532.458008
    },
    "stack_avg_mib": {
      "total": 570.899618,
      "python": 27.187716,
      "driver": 91.14423,
      "chrome": 452.567671
    },
    "launch_s": 1.24376,
    "nav_s": 0.657541,
    "pauses_s": 11.696334,
    "actions_s": 8.593225,
    "timeline_total_s": 22.190859,
    "samples": 224,
    "sample_rate_hz": 9.999744,
    "fields_filled": 22
  },
  "rustwright": {
    "wall_time_s": 18.71538,
    "video_duration_s": 18.791667,
    "stack_peak_mib": {
      "total": 646.527344,
      "python": 37.75293,
      "driver": 0.0,
      "chrome": 608.774414
    },
    "stack_avg_mib": {
      "total": 579.731625,
      "python": 36.752082,
      "driver": 0.0,
      "chrome": 542.979543
    },
    "launch_s": 0.300253,
    "nav_s": 0.438166,
    "pauses_s": 11.685294,
    "actions_s": 5.94502,
    "timeline_total_s": 18.368733,
    "samples": 186,
    "sample_rate_hz": 9.999941,
    "fields_filled": 22
  },
  "deltas_rustwright_minus_playwright": {
    "wall_time_s": {
      "absolute": -3.811713,
      "percent": -16.920572
    },
    "actions_s": {
      "absolute": -2.648205,
      "percent": -30.817359
    },
    "launch_s": {
      "absolute": -0.943507,
      "percent": -75.859249
    },
    "stack_peak_mib": {
      "absolute": -15.938476,
      "percent": -2.405932
    },
    "stack_avg_mib": {
      "absolute": 8.832007,
      "percent": 1.547033
    }
  }
}
